1,Nuclear Arms Control,"Theme description lorem ipsum dolor sit amet, consectetur adipiscing elit. ",nuclear,http://www.nuclear.com,,,,,1
2,Border Security,"Theme description lorem ipsum dolor sit amet, consectetur adipiscing elit. ",,,,,,,1
3,Counter-narcotics,"Theme description lorem ipsum dolor sit amet, consectetur adipiscing elit. ",,,,,,,1
4,Counter-terrorism,"Theme description lorem ipsum dolor sit amet, consectetur adipiscing elit. ",,,,,,,1
5,Securing the Seas/Maritime Policy,"Theme description lorem ipsum dolor sit amet, consectetur adipiscing elit. ",,,,,,,1
6,Multi-Lateral Organizations,"Theme description lorem ipsum dolor sit amet, consectetur adipiscing elit. ",,,,,,,2
7,Trade Promotion,"Theme description lorem ipsum dolor sit amet, consectetur adipiscing elit. ",,,,,,,2
8,Border Security,"Theme description lorem ipsum dolor sit amet, consectetur adipiscing elit. ",,,,,,,2
9,Good Governance,"Theme description lorem ipsum dolor sit amet, consectetur adipiscing elit. ",,,,,,,2
10,Intellectual Property Rights,"Theme description lorem ipsum dolor sit amet, consectetur adipiscing elit. ",,,,,,,2
11,Science & Technology Promtion,"Theme description lorem ipsum dolor sit amet, consectetur adipiscing elit. ",,,,,,,2
